2025-06-07 16:58:04.496886,aa.pdf,signed_docs\signed_aa.pdf
2025-06-07 17:06:57.072488,aa.pdf,signed_docs\signed_aa.pdf
2025-06-07 17:09:45.192363,aa.pdf,signed_docs\signed_aa.pdf
2025-06-07 18:20:13.702124,aa.pdf,signed_docs\signed_aa.pdf
2025-06-07 18:20:13.789682,important appointment 2019.pdf,signed_docs\signed_important appointment 2019.pdf
2025-06-07 18:59:36.288837,important appointment 2019.pdf,signed_docs\signed_important appointment 2019.pdf
2025-06-07 19:00:56.780829,gate syll.pdf,signed_docs\signed_gate syll.pdf
2025-06-07 19:01:32.401898,gate syll.pdf,signed_docs\signed_gate syll.pdf
2025-06-07 19:01:32.471581,important appointment 2019.pdf,signed_docs\signed_important appointment 2019.pdf
2025-06-07 19:08:12.275692,Computer Science and Applications_English Only net.pdf,signed_docs\signed_Computer Science and Applications_English Only net.pdf
2025-06-07 22:25:45.084474,Computer Science and Applications_English Only net.pdf,signed_docs\signed_Computer Science and Applications_English Only net.pdf
2025-06-07 22:25:45.146657,gate syll.pdf,signed_docs\signed_gate syll.pdf
2025-06-07 22:25:45.317283,important appointment 2019.pdf,signed_docs\signed_important appointment 2019.pdf
2025-06-07 22:32:59.516894,Computer Science and Applications_English Only net.pdf,signed_docs\signed_Computer Science and Applications_English Only net.pdf
2025-06-07 22:32:59.565257,gate syll.pdf,signed_docs\signed_gate syll.pdf
2025-06-07 22:32:59.610492,important appointment 2019.pdf,signed_docs\signed_important appointment 2019.pdf
2025-06-07 22:33:30.830322,Computer Science and Applications_English Only net.pdf,signed_docs\signed_Computer Science and Applications_English Only net.pdf
2025-06-07 22:33:30.939158,gate syll.pdf,signed_docs\signed_gate syll.pdf
2025-06-07 22:33:30.998607,important appointment 2019.pdf,signed_docs\signed_important appointment 2019.pdf
2025-06-07 22:33:48.050397,Computer Science and Applications_English Only net.pdf,signed_docs\signed_Computer Science and Applications_English Only net.pdf
2025-06-07 22:33:48.080548,gate syll.pdf,signed_docs\signed_gate syll.pdf
2025-06-07 22:33:48.103451,important appointment 2019.pdf,signed_docs\signed_important appointment 2019.pdf
2025-06-07 22:34:24.665415,13.pdf,signed_docs\signed_13.pdf
2025-06-07 22:34:49.147758,13.pdf,signed_docs\signed_13.pdf
2025-06-07 22:34:49.197254,Computer Science and Applications_English Only net.pdf,signed_docs\signed_Computer Science and Applications_English Only net.pdf
2025-06-07 22:34:49.220641,gate syll.pdf,signed_docs\signed_gate syll.pdf
2025-06-07 22:34:49.245141,important appointment 2019.pdf,signed_docs\signed_important appointment 2019.pdf
2025-06-07 22:37:29.432649,13.pdf,signed_docs\signed_13.pdf
2025-06-07 22:37:29.490326,Computer Science and Applications_English Only net.pdf,signed_docs\signed_Computer Science and Applications_English Only net.pdf
2025-06-07 22:37:29.513727,gate syll.pdf,signed_docs\signed_gate syll.pdf
2025-06-07 22:37:29.541396,important appointment 2019.pdf,signed_docs\signed_important appointment 2019.pdf
2025-06-07 22:41:14.878286,13.pdf,signed_docs\signed_13.pdf
2025-06-07 22:41:14.961695,Computer Science and Applications_English Only net.pdf,signed_docs\signed_Computer Science and Applications_English Only net.pdf
2025-06-07 22:41:15.070218,gate syll.pdf,signed_docs\signed_gate syll.pdf
2025-06-07 22:41:15.114607,important appointment 2019.pdf,signed_docs\signed_important appointment 2019.pdf
2025-06-07 22:46:01.319978,13.pdf,signed_docs\signed_13.pdf
2025-06-07 22:46:01.361663,Computer Science and Applications_English Only net.pdf,signed_docs\signed_Computer Science and Applications_English Only net.pdf
2025-06-07 22:46:01.389566,gate syll.pdf,signed_docs\signed_gate syll.pdf
2025-06-07 22:46:01.415154,important appointment 2019.pdf,signed_docs\signed_important appointment 2019.pdf
2025-06-11 15:47:35.615864,gate syll.pdf,signed_docs\signed_gate syll.pdf
2025-06-11 16:21:31.249261,input_docs\tt for cdac.pdf,signed_docs\signed_tt for cdac.pdf,Signed
2025-06-11 16:24:28.556532,input_docs\tt for cdac.pdf,signed_docs\signed_tt for cdac.pdf,Signed
2025-06-11 22:42:12.070246,input_docs\Computer Science and Applications_English Only net.pdf,signed_docs\signed_Computer Science and Applications_English Only net.pdf,Signed
